SET SQL_MODE = "NO_AUTO_VALUE_ON_ZERO";
SET AUTOCOMMIT = 0;
START TRANSACTION;
SET time_zone = "+00:00";

--
-- Database: `spmg6t2`
--
drop database if exists spmg6t2;
create database spmg6t2;
use spmg6t2;

-- --------------------------------------------------------

--
-- Table structure for table `role`
--


DROP TABLE IF EXISTS `role`;
CREATE TABLE IF NOT EXISTS `role` (
    `Role_ID` int(20) NOT NULL,
    `Role_Name` varchar(20) NOT NULL,
    PRIMARY KEY (`Role_ID`)
);

--
-- Dumping data for table `role`
--
INSERT INTO `role` (`Role_ID`,`Role_Name`)
VALUES
(1, 'Admin'),
(2, 'User'),
(3, 'Manager'),
(4, 'Trainer');

-- --------------------------------------------------------
--
-- Table structure for table `staff`
--

DROP TABLE IF EXISTS `staff`;
CREATE TABLE IF NOT EXISTS `staff` (
    `Staff_ID` int NOT NULL,
    `Staff_FName` varchar(50) NOT NULL,
    `Staff_LName` varchar(50) NOT NULL,
    `Dept` varchar(50) NOT NULL,
    `Email` varchar(50) NOT NULL,
    `Role_ID` int NOT NULL,
    PRIMARY KEY (`Staff_ID`),
    FOREIGN KEY (`Role_ID`) REFERENCES role(Role_ID)
);

INSERT INTO  `staff`(`Staff_ID`, `Staff_FName`, `Staff_LName`, `Dept`, `Email`, `Role_ID`)
VALUES 
(130001, 'John', 'Sim', 'Chariman', 'jack.sim@allinone.com.sg', 1),
(130002, 'Jack', 'Sim', 'CEO', 'jack.sim@allinone.com.sg', 1),
(140001, 'Derek', 'Tan', 'Sales', 'Derek.Tan@allinone.com.sg', 3),
(140002, 'Susan', 'Goh', 'Sales', 'Susan.Goh@allinone.com.sg', 2),
(140003, 'Janice', 'Chan', 'Sales', 'Janice.Chan@allinone.com.sg', 2),
(140004, 'Mary', 'Teo', 'Sales', 'Mary.Teo@allinone.com.sg', 2),
(140008, 'Jaclyn', 'Lee', 'Sales', 'Jaclyn.Lee@allinone.com.sg', 2),
(140015, 'Oliva', 'Lim', 'Sales', 'Oliva.Lim@allinone.com.sg', 2),
(140025, 'Emma', 'Heng', 'Sales', 'Emma.Heng@allinone.com.sg', 2),
(140036, 'Charlotte', 'Wong', 'Sales', 'Charlotte.Wong@allinone.com.sg', 2),
(140078, 'Amelia', 'Ong', 'Sales', 'Amelia.Ong@allinone.com.sg', 2),
(140102, 'Eva', 'Yong', 'Sales', 'Eva.Yong@allinone.com.sg', 2),
(140103, 'Sophia', 'Toh', 'Sales', 'Sophia.Toh@allinone.com.sg', 2),
(140108, 'Liam', 'The', 'Sales', 'Liam.The@allinone.com.sg', 2),
(140115, 'Noah', 'Ng', 'Sales', 'Noah.Ng@allinone.com.sg', 2),
(140525, 'Oliver', 'Tan', 'Sales', 'Oliver.Tan@allinone.com.sg', 2),
(140736, 'William', 'Fu', 'Sales', 'William.Fu@allinone.com.sg', 2),
(140878, 'James', 'Tong', 'Sales', 'James.Tong@allinone.com.sg', 2),
(150008, 'Eric', 'Loh', 'Ops', 'Eric.Loh@allinone.com.sg', 3),
(150065, 'Noah', 'Goh', 'Ops', 'Noah.Goh@allinone.com.sg', 4),
(150075, 'Liam', 'Tan', 'Ops', 'Liam.Tan@allinone.com.sg', 4),
(150076, 'Oliver', 'Chan', 'Ops', 'Oliver.Chan@allinone.com.sg', 4),
(150085, 'Michael', 'Ng', 'Ops', 'Michael.Ng@allinone.com.sg', 4),
(150095, 'Alexander', 'The', 'Ops', 'Alexander.The@allinone.com.sg', 4),
(150096, 'Ethan', 'Tan', 'Ops', 'Ethan.Tan@allinone.com.sg', 4),
(150115, 'Jaclyn', 'Lee', 'Ops', 'Jaclyn.Lee@allinone.com.sg', 4),
(150118, 'William', 'Teo', 'Ops', 'William.Teo@allinone.com.sg', 4),
(150125, 'Mary', 'Teo', 'Ops', 'Mary.Teo@allinone.com.sg', 4),
(150126, 'Oliva', 'Lim', 'Ops', 'Oliva.Lim@allinone.com.sg', 2),
(150138, 'Daniel', 'Fu', 'Ops', 'Daniel.Fu@allinone.com.sg', 4),
(150142, 'James', 'Lee', 'Ops', 'James.Lee@allinone.com.sg', 4),
(150143, 'John', 'Lim', 'Ops', 'John.Lim@allinone.com.sg', 4),
(150148, 'Jack', 'Heng', 'Ops', 'Jack.Heng@allinone.com.sg', 4),
(150155, 'Derek', 'Wong', 'Ops', 'Derek.Wong@allinone.com.sg', 4),
(150162, 'Jacob', 'Tong', 'Ops', 'Jacob.Tong@allinone.com.sg', 4),
(150163, 'Logan', 'Loh', 'Ops', 'Logan.Loh@allinone.com.sg', 4),
(150165, 'Oliver', 'Tan', 'Ops', 'Oliver.Tan@allinone.com.sg', 2),
(150166, 'William', 'Fu', 'Ops', 'William.Fu@allinone.com.sg', 2),
(150168, 'Jackson', 'Tan', 'Ops', 'Jackson.Tan@allinone.com.sg', 4),
(150175, 'Aiden', 'Tan', 'Ops', 'Aiden.Tan@allinone.com.sg', 4),
(150192, 'Emma', 'Heng', 'Ops', 'Emma.Heng@allinone.com.sg', 2),
(150193, 'Charlotte', 'Wong', 'Ops', 'Charlotte.Wong@allinone.com.sg', 2),
(150198, 'Amelia', 'Ong', 'Ops', 'Amelia.Ong@allinone.com.sg', 2),
(150205, 'Eva', 'Yong', 'Ops', 'Eva.Yong@allinone.com.sg', 2),
(150208, 'James', 'Tong', 'Ops', 'James.Tong@allinone.com.sg', 2),
(150215, 'Michael', 'Lee', 'Ops', 'Michael.Lee@allinone.com.sg', 2),
(150216, 'Ethan', 'Lim', 'Ops', 'Ethan.Lim@allinone.com.sg', 2),
(150232, 'John', 'Loh', 'Ops', 'John.Loh@allinone.com.sg', 2),
(150233, 'Jack', 'Tan', 'Ops', 'Jack.Tan@allinone.com.sg', 2),
(150238, 'Derek', 'Tan', 'Ops', 'Derek.Tan@allinone.com.sg', 2),
(150245, 'Benjamin', 'Tan', 'Ops', 'Benjamin.Tan@allinone.com.sg', 2),
(150258, 'Daniel', 'Heng', 'Ops', 'Daniel.Heng@allinone.com.sg', 2),
(150265, 'Jaclyn', 'Tong', 'Ops', 'Jaclyn.Tong@allinone.com.sg', 2),
(150275, 'Mary', 'Fu', 'Ops', 'Mary.Fu@allinone.com.sg', 2),
(150276, 'Oliva', 'Loh', 'Ops', 'Oliva.Loh@allinone.com.sg', 2),
(150282, 'Jacob', 'Wong', 'Ops', 'Jacob.Wong@allinone.com.sg', 2),
(150283, 'Logan', 'Ong', 'Ops', 'Logan.Ong@allinone.com.sg', 2),
(150288, 'Jackson', 'Yong', 'Ops', 'Jackson.Yong@allinone.com.sg', 2),
(150295, 'Aiden', 'Toh', 'Ops', 'Aiden.Toh@allinone.com.sg', 2),
(150318, 'Emma', 'Tan', 'Ops', 'Emma.Tan@allinone.com.sg', 2),
(150342, 'Charlotte', 'Tan', 'Ops', 'Charlotte.Tan@allinone.com.sg', 2),
(150343, 'Amelia', 'Tan', 'Ops', 'Amelia.Tan@allinone.com.sg', 2),
(150345, 'William', 'Heng', 'Ops', 'William.Heng@allinone.com.sg', 2),
(150348, 'Eva', 'Goh', 'Ops', 'Eva.Goh@allinone.com.sg', 2),
(150355, 'Sophia', 'Chan', 'Ops', 'Sophia.Chan@allinone.com.sg', 2),
(150356, 'James', 'Wong', 'Ops', 'James.Wong@allinone.com.sg', 2),
(150398, 'John', 'Ong', 'Ops', 'John.Ong@allinone.com.sg', 2),
(150422, 'Jack', 'Yong', 'Ops', 'Jack.Yong@allinone.com.sg', 2),
(150423, 'Derek', 'Toh', 'Ops', 'Derek.Toh@allinone.com.sg', 2),
(150428, 'Benjamin', 'The', 'Ops', 'Benjamin.The@allinone.com.sg', 2),
(150435, 'Lucas', 'Ng', 'Ops', 'Lucas.Ng@allinone.com.sg', 2),
(150445, 'Ethan', 'Loh', 'Ops', 'Ethan.Loh@allinone.com.sg', 2),
(150446, 'Daniel', 'Tan', 'Ops', 'Daniel.Tan@allinone.com.sg', 2),
(150488, 'Jacob', 'Tan', 'Ops', 'Jacob.Tan@allinone.com.sg', 2),
(150512, 'Logan', 'Tan', 'Ops', 'Logan.Tan@allinone.com.sg', 2),
(150513, 'Jackson', 'Goh', 'Ops', 'Jackson.Goh@allinone.com.sg', 2),
(150518, 'Aiden', 'Chan', 'Ops', 'Aiden.Chan@allinone.com.sg', 2),
(150525, 'Samuel', 'Teo', 'Ops', 'Samuel.Teo@allinone.com.sg', 2),
(150555, 'Jaclyn', 'Wong', 'Ops', 'Jaclyn.Wong@allinone.com.sg', 2),
(150565, 'Benjamin', 'Ong', 'Ops', 'Benjamin.Ong@allinone.com.sg', 4),
(150566, 'Oliva', 'Ong', 'Ops', 'Oliva.Ong@allinone.com.sg', 2),
(150585, 'Samuel', 'Tan', 'Ops', 'Samuel.Tan@allinone.com.sg', 4),
(150608, 'Emma', 'Yong', 'Ops', 'Emma.Yong@allinone.com.sg', 2),
(150615, 'Sophia', 'Toh', 'Ops', 'Sophia.Toh@allinone.com.sg', 2),
(150632, 'Charlotte', 'Toh', 'Ops', 'Charlotte.Toh@allinone.com.sg', 2),
(150633, 'Amelia', 'The', 'Ops', 'Amelia.The@allinone.com.sg', 2),
(150638, 'Eva', 'Ng', 'Ops', 'Eva.Ng@allinone.com.sg', 2),
(150645, 'Sophia', 'Tan', 'Ops', 'Sophia.Tan@allinone.com.sg', 2),
(150655, 'Lucas', 'Goh', 'Ops', 'Lucas.Goh@allinone.com.sg', 2),
(150695, 'William', 'Tan', 'Ops', 'William.Tan@allinone.com.sg', 2),
(150705, 'Samuel', 'The', 'Ops', 'Samuel.The@allinone.com.sg', 2),
(150765, 'Liam', 'Teo', 'Ops', 'Liam.Teo@allinone.com.sg', 2),
(150776, 'Lucas', 'Yong', 'Ops', 'Lucas.Yong@allinone.com.sg', 4),
(150796, 'Susan', 'Goh', 'Ops', 'Susan.Goh@allinone.com.sg', 4),
(150826, 'Liam', 'The', 'Ops', 'Liam.The@allinone.com.sg', 2),
(150845, 'Henry', 'Tan', 'Ops', 'Henry.Tan@allinone.com.sg', 2),
(150866, 'Henry', 'Chan', 'Ops', 'Henry.Chan@allinone.com.sg', 2),
(150916, 'Susan', 'Ng', 'Ops', 'Susan.Ng@allinone.com.sg', 2),
(150918, 'Henry', 'Toh', 'Ops', 'Henry.Toh@allinone.com.sg', 4),
(150935, 'Susan', 'Lee', 'Ops', 'Susan.Lee@allinone.com.sg', 2),
(150938, 'Janice', 'Chan', 'Ops', 'Janice.Chan@allinone.com.sg', 4),
(150968, 'Noah', 'Ng', 'Ops', 'Noah.Ng@allinone.com.sg', 2),
(150976, 'Noah', 'Lee', 'Ops', 'Noah.Lee@allinone.com.sg', 2),
(151008, 'Alexander', 'Teo', 'Ops', 'Alexander.Teo@allinone.com.sg', 2),
(151055, 'Liam', 'Fu', 'Ops', 'Liam.Fu@allinone.com.sg', 2),
(151056, 'Alexander', 'Fu', 'Ops', 'Alexander.Fu@allinone.com.sg', 2),
(151058, 'Janice', 'Tan', 'Ops', 'Janice.Tan@allinone.com.sg', 2),
(151118, 'Oliver', 'Lim', 'Ops', 'Oliver.Lim@allinone.com.sg', 2),
(151146, 'Janice', 'Lim', 'Ops', 'Janice.Lim@allinone.com.sg', 2),
(151198, 'Michael', 'Tong', 'Ops', 'Michael.Tong@allinone.com.sg', 2),
(151266, 'Noah', 'Tong', 'Ops', 'Noah.Tong@allinone.com.sg', 2),
(151288, 'Mary', 'Heng', 'Ops', 'Mary.Heng@allinone.com.sg', 2),
(151408, 'Oliver', 'Loh', 'Ops', 'Oliver.Loh@allinone.com.sg', 2),
(160008, 'Sally', 'Loh', 'HR', 'Sally.Loh@allinone.com.sg', 1),
(160065, 'John', 'Tan', 'HR', 'John.Tan@allinone.com.sg', 1),
(160075, 'James', 'Tan', 'HR', 'James.Tan@allinone.com.sg', 1),
(160076, 'Jack', 'Goh', 'HR', 'Jack.Goh@allinone.com.sg', 1),
(160118, 'Derek', 'Chan', 'HR', 'Derek.Chan@allinone.com.sg', 1),
(160135, 'Jaclyn', 'Ong', 'HR', 'Jaclyn.Ong@allinone.com.sg', 2),
(160142, 'Benjamin', 'Teo', 'HR', 'Benjamin.Teo@allinone.com.sg', 1),
(160143, 'Lucas', 'Lee', 'HR', 'Lucas.Lee@allinone.com.sg', 1),
(160145, 'Mary', 'Wong', 'HR', 'Mary.Wong@allinone.com.sg', 2),
(160146, 'Oliva', 'Yong', 'HR', 'Oliva.Yong@allinone.com.sg', 2),
(160148, 'Henry', 'Lim', 'HR', 'Henry.Lim@allinone.com.sg', 1),
(160155, 'Alexander', 'Heng', 'HR', 'Alexander.Heng@allinone.com.sg', 1),
(160188, 'Emma', 'Toh', 'HR', 'Emma.Toh@allinone.com.sg', 2),
(160212, 'Charlotte', 'The', 'HR', 'Charlotte.The@allinone.com.sg', 2),
(160213, 'Amelia', 'Ng', 'HR', 'Amelia.Ng@allinone.com.sg', 2),
(160218, 'Eva', 'Tan', 'HR', 'Eva.Tan@allinone.com.sg', 2),
(160225, 'Sophia', 'Fu', 'HR', 'Sophia.Fu@allinone.com.sg', 2),
(160258, 'Michael', 'Tong', 'HR', 'Michael.Tong@allinone.com.sg', 2),
(160282, 'Ethan', 'Loh', 'HR', 'Ethan.Loh@allinone.com.sg', 2),
(170166, 'David', 'Yap', 'Finance', 'David.Yap@allinone.com.sg', 3),
(170208, 'Daniel', 'Tan', 'Finance', 'Daniel.Tan@allinone.com.sg', 2),
(170215, 'Mary', 'Wong', 'Finance', 'Mary.Wong@allinone.com.sg', 2),
(170216, 'Jaclyn', 'Ong', 'Finance', 'Jaclyn.Ong@allinone.com.sg', 2),
(170232, 'Jacob', 'Tan', 'Finance', 'Jacob.Tan@allinone.com.sg', 2),
(170233, 'Logan', 'Goh', 'Finance', 'Logan.Goh@allinone.com.sg', 2),
(170238, 'Jackson', 'Chan', 'Finance', 'Jackson.Chan@allinone.com.sg', 2),
(170245, 'Aiden', 'Teo', 'Finance', 'Aiden.Teo@allinone.com.sg', 2),
(170655, 'Samuel', 'Lee', 'Finance', 'Samuel.Lee@allinone.com.sg', 2),
(170866, 'Susan', 'Lim', 'Finance', 'Susan.Lim@allinone.com.sg', 2),
(171008, 'Janice', 'Heng', 'Finance', 'Janice.Heng@allinone.com.sg', 2);

-- --------------------------------------------------------
--
-- Table structure for table `course`
--

DROP TABLE IF EXISTS `course`;
CREATE TABLE IF NOT EXISTS `course` (
    `Course_ID` varchar(20) NOT NULL,
    `Course_Name` varchar(50) NOT NULL,
    `Course_Desc` varchar(255),
    `Course_Status` varchar(15),
    `Course_Type` varchar(10),
    `Course_Category` varchar(50),
    PRIMARY KEY (`Course_ID`)
);
--
-- Dumping data for table `course`
--
INSERT INTO `course` (`course_id`,`course_name`,`course_desc`, `course_status`,`course_type`,`course_category`)
VALUES
('COR001', 'Systems Thinking and Design', 'This foundation module aims to introduce students to the fundamental concepts and underlying principles of systems thinking,', 'Active', 'Internal', 'Core'),
('COR002', 'Lean Six Sigma Green Belt Certification', 'Apply Lean Six Sigma methodology and statistical tools such as Minitab to be used in process analytics', 'Active', 'Internal', 'Core'),
('COR004', 'Service Excellence', 'The programme provides the learner with the key foundations of what builds customer confidence in the service industr', 'Pending', 'Internal', 'Core'),
('COR006', 'Manage Change', 'Identify risks associated with change and develop risk mitigation plans.', 'Retired', 'External', 'Core'),
('FIN001', 'Data Collection and Analysis', 'Data is meaningless unless insights and analysis can be drawn to provide useful information for business decision-making. It is imperative that data quality, integrity and security ', 'Active', 'External', 'Finance'),
('FIN002', 'Risk and Compliance Reporting', 'Regulatory reporting is a requirement for businesses from highly regulated sectors to demonstrate compliance with the necessary regulatory provisions.', 'Active', 'External', 'Finance'),
('FIN003', 'Business Continuity Planning', 'Business continuity planning is essential in any business to minimise loss when faced with potential threats and disruptions.', 'Retired', 'External', 'Finance'),
('HRD001', 'Leading and Shaping a Culture in Learning', 'This training programme, delivered by the National Centre of Excellence (Workplace Learning), aims to equip participants with the skills and knowledge of the National workplace learning certification framework,', 'Active', 'External', 'HR'),
('MGT001', 'People Management', 'enable learners to manage team performance and development through effective communication, conflict resolution and negotiation skills.', 'Active', 'Internal', 'Management'),
('MGT002', 'Workplace Conflict Management for Professionals', 'This course will address the gaps to build consensus and utilise knowledge of conflict management techniques to diffuse tensions and achieve resolutions effectively in the best interests of the organisation.', 'Active', 'External', 'Management'),
('MGT003', 'Enhance Team Performance Through Coaching', 'The course aims to upskill real estate team leaders in the area of service coaching for performance.', 'Pending', 'Internal', 'Management'),
('MGT004', 'Personal Effectiveness for Leaders', 'Learners will be able to acquire the skills and knowledge to undertake self-assessment in relation to one?s performance and leadership style', 'Active', 'External', 'Management'),
('MGT007', 'Supervisory Management Skills', 'Supervisors lead teams, manage tasks, solve problems, report up and down the hierarchy, and much more. ', 'Retired', 'External', 'Management'),
('SAL001', 'Risk Management for Smart Business', 'Apply risk management concepts to digital business', 'Retired', 'Internal', 'Sales'),
('SAL002', 'CoC in Smart Living Solutions', 'Participants will acquire the knowledge and skills in setting up a smart living solution', 'Pending', 'External', 'Sales'),
('SAL003', 'Optimising Your Brand For The Digital Spaces', 'Digital has fundamentally shifted communication between brands and their consumers from a one-way broadcast to a two-way dialogue. In a hastened bid to transform their businesses to be digital market-ready,', 'Active', 'External', 'Sales'),
('SAL004', 'Stakeholder Management', 'Develop a stakeholder engagement plan and negotiate with stakeholders to arrive at mutually-beneficial arrangements.', 'Active', 'Internal', 'Sales'),
('tch001', 'Print Server Setup', 'Setting up print server in enterprise environment', 'Retired', 'Internal', 'Technical'),
('tch002', 'Canon MFC Setup', 'Setting up Canon ImageRUNNER series of products', 'Retired', 'Internal', 'Technical'),
('tch003', 'Canon MFC Mainteance and Troubleshooting', 'Troubleshoot and fixing L2,3 issues of Canon ImageRUNNER series of products', 'Active', 'Internal', 'Technical'),
('tch004', 'Introduction to Open Platform Communications', 'This course provides the participants with a good in-depth understanding of the SS IEC 62541 standard', 'Pending', 'Internal', 'Technical'),
('tch005', 'An Introduction to Sustainability', 'The course provides learners with the multi-faceted basic knowledge of sustainability.', 'Active', 'External', 'Technical'),
('tch006', 'Machine Learning DevOps Engineer?', 'The Machine Learning DevOps Engineer Nanodegree program focuses on the software engineering fundamentals needed to successfully streamline the deployment of data and machine-learning models', 'Pending', 'Internal', 'Technical'),
('tch008', 'Technology Intelligence and Strategy', 'Participants will be able to gain knowledge and skills on: - establishing technology strategy with technology intelligence framework and tools', 'Active', 'External', 'Technical'),
('tch009', 'Smart Sensing Technology', 'This course introduces sensors and sensing systems. The 5G infrastructure enables the many fast-growing IoT applications equipped with sensors ', 'Pending', 'External', 'Technical'),
('tch012', 'Internet of Things', 'The Internet of Things (IoT) is integrating our digital and physical world, opening up new and exciting opportunities to deploy, automate, optimize and secure diverse use cases and applications. ', 'Active', 'Internal', 'Technical'),
('tch013', 'Managing Cybersecurity and Risks', 'Digital security is the core of our daily lives considering that our dependence on the digital world', 'Active', 'Internal', 'Technical'),
('tch014', 'Certified Information Privacy Professional', 'The Certified Information Privacy Professional/ Asia (CIPP/A) is the first publicly available privacy certification', 'Active', 'External', 'Technical'),
('tch015', 'Network Security', 'Understanding of the fundamental knowledge of network security including cryptography, authentication and key distribution. The security techniques at various layers of computer networks are examined.', 'Active', 'External', 'Technical'),
('tch018', 'Professional Project Management', 'solid foundation in the project management processes from initiating a project, through planning, execution, control,', 'Active', 'Internal', 'Technical'),
('tch019', 'Innovation and Change Management?', 'the organization that constantly reinvents itself to be relevant has a better chance of making progress', 'Active', 'External', 'Technical');

-- --------------------------------------------------------
--
-- Table structure for table `registration`
--

DROP TABLE IF EXISTS `registration`;
CREATE TABLE IF NOT EXISTS `registration`(
    `Reg_ID` int NOT NULL,
    `Course_ID` varchar(20) NOT NULL,
    `Staff_ID` int NOT NULL,
    `Reg_Status` varchar(20) NOT NULL,
    `Completion_Status` varchar(20),
    PRIMARY KEY (`Reg_ID`),
    FOREIGN KEY (`Course_ID`) REFERENCES Course(`Course_ID`),
    FOREIGN KEY (`Staff_ID`) REFERENCES Staff(`Staff_ID`)
);
--
-- Dumping data for table `registration`
--
INSERT INTO  `registration` (`Reg_ID`, `Course_ID`, `Staff_ID`, `Reg_Status`, `Completion_Status`) VALUES 
(1, 'COR002', 130001, 'Registered', 'Completed'),
(245, 'COR001', 130001, 'Registered', 'Completed'),
(2, 'COR002', 130002, 'Registered', 'Completed'),
(3, 'COR002', 140001, 'Registered', 'Completed'),
(111, 'SAL004', 140001, 'Registered', 'Completed'),
(200, 'MGT001', 140001, 'Registered', 'Completed'),
(246, 'COR006', 140001, 'Waitlist', ''),
(4, 'COR002', 140002, 'Registered', 'Completed'),
(112, 'SAL004', 140002, 'Registered', 'Completed'),
(247, 'FIN001', 140002, 'Waitlist', ''),
(5, 'COR002', 140003, 'Rejected', ''),
(113, 'SAL003', 140003, 'Registered', 'Completed'),
(248, 'FIN002', 140003, 'Registered', 'Completed'),
(114, 'SAL003', 140004, 'Registered', 'OnGoing'),
(203, 'COR002', 140004, 'Registered', 'Completed'),
(249, 'FIN003', 140004, 'Registered', 'OnGoing'),
(6, 'COR002', 140008, 'Registered', 'OnGoing'),
(115, 'SAL004', 140008, 'Rejected', ''),
(250, 'HRD001', 140008, 'Registered', 'OnGoing'),
(204, 'COR002', 140015, 'Waitlist', ''),
(251, 'MGT001', 140015, 'Registered', ''),
(7, 'COR002', 140025, 'Registered', 'OnGoing'),
(116, 'SAL003', 140025, 'Registered', 'OnGoing'),
(252, 'MGT002', 140025, 'Rejected', ''),
(8, 'COR002', 140036, 'Waitlist', ''),
(253, 'MGT004', 140036, 'Registered', ''),
(9, 'COR002', 140078, 'Waitlist', ''),
(117, 'SAL004', 140078, 'Registered', ''),
(254, 'MGT007', 140078, 'Registered', 'Completed'),
(10, 'COR002', 140102, 'Registered', ''),
(118, 'SAL004', 140102, 'Waitlist', ''),
(255, 'SAL001', 140102, 'Waitlist', ''),
(11, 'COR002', 140103, 'Registered', ''),
(119, 'SAL003', 140103, 'Waitlist', ''),
(12, 'COR002', 140108, 'Registered', ''),
(120, 'SAL003', 140108, 'Registered', 'Completed'),
(256, 'SAL004', 140108, 'Registered', 'Completed'),
(13, 'COR002', 140115, 'Registered', 'Completed'),
(121, 'SAL004', 140115, 'Registered', 'Completed'),
(257, 'tch001', 140115, 'Registered', 'Completed'),
(14, 'COR002', 140525, 'Rejected', ''),
(122, 'SAL004', 140525, 'Registered', 'Completed'),
(258, 'tch002', 140525, 'Registered', 'Completed'),
(123, 'SAL003', 140736, 'Registered', 'OnGoing'),
(205, 'COR002', 140736, 'Waitlist', ''),
(259, 'tch003', 140736, 'Registered', 'OnGoing'),
(15, 'COR002', 140878, 'Registered', 'Completed'),
(124, 'SAL003', 140878, 'Rejected', ''),
(260, 'tch005', 140878, 'Rejected', ''),
(201, 'MGT001', 150008, 'Registered', 'Completed'),
(206, 'COR002', 150008, 'Registered', 'Completed'),
(261, 'tch008', 150008, 'Registered', 'OnGoing'),
(17, 'COR002', 150065, 'Waitlist', ''),
(126, 'tch003', 150065, 'Waitlist', ''),
(263, 'tch013', 150065, 'Waitlist', ''),
(16, 'COR002', 150075, 'Registered', 'Completed'),
(125, 'tch002', 150075, 'Registered', ''),
(262, 'tch012', 150075, 'Registered', ''),
(18, 'COR002', 150076, 'Waitlist', ''),
(264, 'tch014', 150076, 'Waitlist', ''),
(26, 'COR002', 150085, 'Waitlist', ''),
(132, 'tch002', 150085, 'Waitlist', ''),
(273, 'HRD001', 150085, 'Registered', 'OnGoing'),
(25, 'COR002', 150095, 'Registered', ''),
(131, 'tch001', 150095, 'Waitlist', ''),
(272, 'FIN003', 150095, 'Waitlist', ''),
(27, 'COR002', 150096, 'Waitlist', ''),
(133, 'tch003', 150096, 'Registered', 'Completed'),
(274, 'MGT001', 150096, 'Registered', 'OnGoing'),
(35, 'COR002', 150115, 'Waitlist', ''),
(137, 'tch001', 150115, 'Registered', 'Completed'),
(284, 'tch005', 150115, 'Registered', 'Completed'),
(19, 'COR002', 150118, 'Registered', 'Completed'),
(127, 'tch005', 150118, 'Registered', 'Completed'),
(265, 'tch015', 150118, 'Registered', ''),
(34, 'COR002', 150125, 'Registered', 'OnGoing'),
(283, 'tch003', 150125, 'Registered', 'Completed'),
(36, 'COR002', 150126, 'Waitlist', ''),
(138, 'tch002', 150126, 'Registered', 'Completed'),
(285, 'tch008', 150126, 'Registered', 'OnGoing'),
(28, 'COR002', 150138, 'Registered', 'Completed'),
(275, 'MGT002', 150138, 'Registered', ''),
(20, 'COR002', 150142, 'Registered', 'OnGoing'),
(266, 'tch018', 150142, 'Registered', ''),
(21, 'COR002', 150143, 'Registered', 'OnGoing'),
(128, 'tch001', 150143, 'Registered', 'Completed'),
(267, 'tch019', 150143, 'Registered', 'Completed'),
(22, 'COR002', 150148, 'Registered', ''),
(129, 'tch002', 150148, 'Registered', 'OnGoing'),
(268, 'COR001', 150148, 'Registered', 'Completed'),
(23, 'COR002', 150155, 'Rejected', ''),
(130, 'tch003', 150155, 'Rejected', ''),
(29, 'COR002', 150162, 'Registered', 'Completed'),
(134, 'tch005', 150162, 'Registered', 'Completed'),
(276, 'MGT004', 150162, 'Registered', ''),
(30, 'COR002', 150163, 'Registered', 'Completed'),
(277, 'MGT007', 150163, 'Rejected', ''),
(212, 'COR002', 150165, 'Registered', 'OnGoing'),
(43, 'COR002', 150166, 'Registered', 'Completed'),
(143, 'tch005', 150166, 'Registered', 'Completed'),
(189, 'FIN001', 150166, 'Waitlist', ''),
(202, 'MGT001', 150166, 'Registered', 'Completed'),
(237, 'tch003', 150166, 'Rejected', ''),
(293, 'COR006', 150166, 'Registered', 'OnGoing'),
(31, 'COR002', 150168, 'Registered', 'Completed'),
(135, 'tch001', 150168, 'Rejected', ''),
(278, 'SAL001', 150168, 'Registered', ''),
(32, 'COR002', 150175, 'Rejected', ''),
(279, 'SAL003', 150175, 'Registered', 'Completed'),
(37, 'COR002', 150192, 'Registered', ''),
(139, 'tch003', 150192, 'Registered', 'Completed'),
(286, 'tch012', 150192, 'Rejected', ''),
(38, 'COR002', 150193, 'Registered', ''),
(287, 'tch013', 150193, 'Registered', 'OnGoing'),
(39, 'COR002', 150198, 'Registered', ''),
(140, 'tch005', 150198, 'Rejected', ''),
(288, 'tch014', 150198, 'Registered', ''),
(40, 'COR002', 150205, 'Registered', 'Completed'),
(289, 'tch015', 150205, 'Waitlist', ''),
(44, 'COR002', 150208, 'Waitlist', ''),
(190, 'FIN002', 150208, 'Registered', 'Completed'),
(238, 'tch005', 150208, 'Waitlist', ''),
(294, 'FIN001', 150208, 'Rejected', ''),
(371, 'MGT002', 150208, 'Registered', 'Completed'),
(51, 'COR002', 150215, 'Registered', ''),
(148, 'tch002', 150215, 'Waitlist', ''),
(198, 'FIN002', 150215, 'Registered', 'Completed'),
(243, 'tch001', 150215, 'Registered', 'Completed'),
(302, 'SAL001', 150215, 'Registered', 'OnGoing'),
(379, 'tch003', 150215, 'Waitlist', ''),
(110, 'COR002', 150216, 'Waitlist', ''),
(149, 'tch003', 150216, 'Registered', 'Completed'),
(199, 'FIN001', 150216, 'Registered', 'OnGoing'),
(244, 'tch005', 150216, 'Registered', 'OnGoing'),
(303, 'SAL003', 150216, 'Rejected', ''),
(45, 'COR002', 150232, 'Waitlist', ''),
(144, 'tch001', 150232, 'Registered', 'Completed'),
(191, 'FIN001', 150232, 'Registered', 'Completed'),
(295, 'FIN002', 150232, 'Registered', 'OnGoing'),
(372, 'MGT004', 150232, 'Registered', 'Completed'),
(46, 'COR002', 150233, 'Registered', 'Completed'),
(145, 'tch002', 150233, 'Registered', 'OnGoing'),
(192, 'FIN002', 150233, 'Registered', 'Completed'),
(296, 'FIN003', 150233, 'Registered', ''),
(373, 'MGT007', 150233, 'Registered', 'Completed'),
(47, 'COR002', 150238, 'Registered', 'OnGoing'),
(146, 'tch003', 150238, 'Rejected', ''),
(193, 'FIN001', 150238, 'Registered', 'OnGoing'),
(297, 'HRD001', 150238, 'Waitlist', ''),
(374, 'SAL001', 150238, 'Registered', 'OnGoing'),
(48, 'COR002', 150245, 'Registered', 'OnGoing'),
(194, 'FIN002', 150245, 'Rejected', ''),
(239, 'tch001', 150245, 'Rejected', ''),
(298, 'MGT001', 150245, 'Waitlist', ''),
(375, 'SAL003', 150245, 'Rejected', ''),
(52, 'COR002', 150258, 'Registered', ''),
(304, 'SAL004', 150258, 'Registered', ''),
(60, 'COR002', 150265, 'Registered', 'OnGoing'),
(153, 'tch001', 150265, 'Registered', 'Completed'),
(313, 'tch015', 150265, 'Registered', 'Completed'),
(213, 'COR002', 150275, 'Waitlist', ''),
(312, 'tch014', 150275, 'Registered', 'Completed'),
(154, 'tch002', 150276, 'Registered', 'Completed'),
(214, 'COR002', 150276, 'Registered', 'Completed'),
(314, 'tch018', 150276, 'Rejected', ''),
(53, 'COR002', 150282, 'Waitlist', ''),
(150, 'tch005', 150282, 'Registered', 'Completed'),
(305, 'tch001', 150282, 'Waitlist', ''),
(54, 'COR002', 150283, 'Waitlist', ''),
(306, 'tch002', 150283, 'Registered', 'Completed'),
(55, 'COR002', 150288, 'Registered', 'Completed'),
(151, 'tch001', 150288, 'Rejected', ''),
(307, 'tch003', 150288, 'Registered', 'Completed'),
(56, 'COR002', 150295, 'Registered', 'Completed'),
(308, 'tch005', 150295, 'Registered', 'OnGoing'),
(61, 'COR002', 150318, 'Registered', 'OnGoing'),
(155, 'tch003', 150318, 'Registered', 'Completed'),
(315, 'tch019', 150318, 'Waitlist', ''),
(62, 'COR002', 150342, 'Waitlist', ''),
(316, 'COR001', 150342, 'Registered', 'Completed'),
(63, 'COR002', 150343, 'Waitlist', ''),
(156, 'tch005', 150343, 'Rejected', ''),
(159, 'tch005', 150345, 'Registered', 'Completed'),
(215, 'COR002', 150345, 'Registered', ''),
(322, 'MGT001', 150345, 'Registered', 'Completed'),
(64, 'COR002', 150348, 'Registered', ''),
(317, 'COR006', 150348, 'Registered', 'Completed'),
(65, 'COR002', 150355, 'Registered', ''),
(318, 'FIN001', 150355, 'Rejected', ''),
(69, 'COR002', 150356, 'Registered', 'Completed'),
(323, 'MGT002', 150356, 'Registered', 'OnGoing'),
(160, 'tch001', 150398, 'Registered', 'Completed'),
(216, 'COR002', 150398, 'Registered', 'Completed'),
(324, 'MGT004', 150398, 'Registered', 'Completed'),
(70, 'COR002', 150422, 'Registered', 'Completed'),
(161, 'tch002', 150422, 'Registered', 'OnGoing'),
(325, 'MGT007', 150422, 'Registered', 'Completed'),
(71, 'COR002', 150423, 'Waitlist', ''),
(162, 'tch003', 150423, 'Rejected', ''),
(326, 'SAL001', 150423, 'Waitlist', ''),
(72, 'COR002', 150428, 'Waitlist', ''),
(327, 'SAL003', 150428, 'Waitlist', ''),
(73, 'COR002', 150435, 'Registered', 'Completed'),
(328, 'SAL004', 150435, 'Registered', 'Completed'),
(77, 'COR002', 150445, 'Rejected', ''),
(165, 'tch003', 150445, 'Registered', 'Completed'),
(332, 'tch005', 150445, 'Rejected', ''),
(217, 'COR002', 150446, 'Registered', ''),
(333, 'tch008', 150446, 'Registered', ''),
(78, 'COR002', 150488, 'Registered', ''),
(166, 'tch005', 150488, 'Registered', 'Completed'),
(334, 'tch012', 150488, 'Registered', 'Completed'),
(218, 'COR002', 150512, 'Registered', ''),
(335, 'tch013', 150512, 'Waitlist', ''),
(79, 'COR002', 150513, 'Registered', 'Completed'),
(167, 'tch001', 150513, 'Rejected', ''),
(336, 'tch014', 150513, 'Waitlist', ''),
(80, 'COR002', 150518, 'Waitlist', ''),
(337, 'tch015', 150518, 'Registered', 'Completed'),
(81, 'COR002', 150525, 'Waitlist', ''),
(338, 'tch018', 150525, 'Registered', 'Completed'),
(85, 'COR002', 150555, 'Registered', 'OnGoing'),
(169, 'tch001', 150555, 'Registered', 'Completed'),
(341, 'COR006', 150555, 'Registered', 'OnGoing'),
(207, 'COR002', 150565, 'Registered', ''),
(269, 'COR006', 150565, 'Registered', 'Completed'),
(86, 'COR002', 150566, 'Rejected', ''),
(170, 'tch002', 150566, 'Registered', 'Completed'),
(342, 'FIN001', 150566, 'Registered', ''),
(209, 'COR002', 150585, 'Registered', 'OnGoing'),
(280, 'SAL004', 150585, 'Waitlist', ''),
(171, 'tch003', 150608, 'Registered', 'Completed'),
(219, 'COR002', 150608, 'Registered', 'OnGoing'),
(343, 'FIN002', 150608, 'Waitlist', ''),
(41, 'COR002', 150615, 'Rejected', ''),
(290, 'tch018', 150615, 'Waitlist', ''),
(87, 'COR002', 150632, 'Registered', 'OnGoing'),
(344, 'FIN003', 150632, 'Waitlist', ''),
(172, 'tch005', 150633, 'Rejected', ''),
(220, 'COR002', 150633, 'Waitlist', ''),
(345, 'HRD001', 150633, 'Registered', ''),
(88, 'COR002', 150638, 'Registered', ''),
(346, 'MGT001', 150638, 'Registered', ''),
(89, 'COR002', 150645, 'Waitlist', ''),
(347, 'MGT002', 150645, 'Registered', 'Completed'),
(49, 'COR002', 150655, 'Registered', ''),
(195, 'FIN001', 150655, 'Waitlist', ''),
(240, 'tch002', 150655, 'Registered', ''),
(299, 'MGT002', 150655, 'Registered', 'Completed'),
(376, 'SAL004', 150655, 'Registered', 'OnGoing'),
(93, 'COR002', 150695, 'Registered', 'Completed'),
(175, 'tch005', 150695, 'Registered', 'Completed'),
(351, 'SAL003', 150695, 'Registered', 'Completed'),
(57, 'COR002', 150705, 'Registered', 'Completed'),
(309, 'tch008', 150705, 'Rejected', ''),
(66, 'COR002', 150765, 'Registered', ''),
(157, 'tch002', 150765, 'Registered', ''),
(319, 'FIN002', 150765, 'Registered', ''),
(24, 'COR002', 150776, 'Registered', ''),
(270, 'FIN001', 150776, 'Registered', 'Completed'),
(33, 'COR002', 150796, 'Registered', 'OnGoing'),
(281, 'tch001', 150796, 'Waitlist', ''),
(141, 'tch002', 150826, 'Registered', ''),
(211, 'COR002', 150826, 'Rejected', ''),
(291, 'tch019', 150826, 'Registered', 'Completed'),
(74, 'COR002', 150845, 'Registered', 'OnGoing'),
(329, 'tch001', 150845, 'Registered', 'OnGoing'),
(50, 'COR002', 150866, 'Rejected', ''),
(196, 'FIN002', 150866, 'Registered', 'Completed'),
(241, 'tch003', 150866, 'Waitlist', ''),
(300, 'MGT004', 150866, 'Registered', 'Completed'),
(377, 'tch001', 150866, 'Registered', ''),
(58, 'COR002', 150916, 'Registered', 'Completed'),
(310, 'tch012', 150916, 'Waitlist', ''),
(208, 'COR002', 150918, 'Registered', ''),
(271, 'FIN002', 150918, 'Waitlist', ''),
(82, 'COR002', 150935, 'Registered', 'Completed'),
(339, 'tch019', 150935, 'Registered', 'Completed'),
(136, 'tch005', 150938, 'Waitlist', ''),
(210, 'COR002', 150938, 'Rejected', ''),
(282, 'tch002', 150938, 'Registered', 'Completed'),
(42, 'COR002', 150968, 'Registered', 'Completed'),
(142, 'tch003', 150968, 'Waitlist', ''),
(292, 'COR001', 150968, 'Registered', 'Completed'),
(67, 'COR002', 150976, 'Registered', 'Completed'),
(158, 'tch003', 150976, 'Waitlist', ''),
(320, 'FIN003', 150976, 'Waitlist', ''),
(109, 'COR002', 151008, 'Registered', ''),
(147, 'tch001', 151008, 'Waitlist', ''),
(197, 'FIN001', 151008, 'Registered', 'Completed'),
(242, 'tch005', 151008, 'Registered', 'Completed'),
(301, 'MGT007', 151008, 'Registered', 'Completed'),
(378, 'tch002', 151008, 'Waitlist', ''),
(90, 'COR002', 151055, 'Waitlist', ''),
(173, 'tch002', 151055, 'Registered', ''),
(348, 'MGT004', 151055, 'Registered', 'Completed'),
(75, 'COR002', 151056, 'Registered', 'OnGoing'),
(163, 'tch001', 151056, 'Waitlist', ''),
(330, 'tch002', 151056, 'Registered', 'OnGoing'),
(59, 'COR002', 151058, 'Rejected', ''),
(152, 'tch005', 151058, 'Waitlist', ''),
(311, 'tch013', 151058, 'Waitlist', ''),
(68, 'COR002', 151118, 'Rejected', ''),
(321, 'HRD001', 151118, 'Registered', 'Completed'),
(83, 'COR002', 151146, 'Registered', 'Completed'),
(168, 'tch005', 151146, 'Waitlist', ''),
(340, 'COR001', 151146, 'Registered', 'OnGoing'),
(76, 'COR002', 151198, 'Registered', ''),
(164, 'tch002', 151198, 'Waitlist', ''),
(331, 'tch003', 151198, 'Registered', ''),
(91, 'COR002', 151266, 'Registered', ''),
(174, 'tch003', 151266, 'Waitlist', ''),
(349, 'MGT007', 151266, 'Rejected', ''),
(84, 'COR002', 151288, 'Registered', 'Completed'),
(92, 'COR002', 151408, 'Registered', ''),
(350, 'SAL001', 151408, 'Registered', 'Completed'),
(94, 'COR002', 160008, 'Registered', 'Completed'),
(176, 'HRD001', 160008, 'Registered', 'Completed'),
(352, 'SAL004', 160008, 'Waitlist', ''),
(178, 'MGT002', 160065, 'Registered', 'Completed'),
(221, 'COR002', 160065, 'Waitlist', ''),
(354, 'tch002', 160065, 'Registered', 'OnGoing'),
(95, 'COR002', 160075, 'Rejected', ''),
(177, 'MGT001', 160075, 'Registered', 'Completed'),
(353, 'tch001', 160075, 'Waitlist', ''),
(96, 'COR002', 160076, 'Registered', 'Completed'),
(355, 'tch003', 160076, 'Registered', 'OnGoing'),
(179, 'MGT004', 160118, 'Rejected', ''),
(222, 'SAL004', 160118, 'Registered', 'Completed'),
(356, 'tch005', 160118, 'Registered', ''),
(102, 'COR002', 160135, 'Registered', ''),
(182, 'MGT004', 160135, 'Registered', 'Completed'),
(228, 'SAL004', 160135, 'Waitlist', ''),
(362, 'tch018', 160135, 'Waitlist', ''),
(97, 'COR002', 160142, 'Registered', 'Completed'),
(223, 'SAL004', 160142, 'Registered', 'Completed'),
(357, 'tch008', 160142, 'Registered', ''),
(98, 'COR002', 160143, 'Waitlist', ''),
(224, 'SAL003', 160143, 'Registered', 'Completed'),
(358, 'tch012', 160143, 'Rejected', ''),
(101, 'COR002', 160145, 'Registered', 'OnGoing'),
(227, 'SAL003', 160145, 'Registered', ''),
(361, 'tch015', 160145, 'Waitlist', ''),
(103, 'COR002', 160146, 'Registered', ''),
(183, 'MGT007', 160146, 'Registered', 'Completed'),
(229, 'SAL004', 160146, 'Registered', 'Completed'),
(363, 'tch019', 160146, 'Registered', 'Completed'),
(99, 'COR002', 160148, 'Waitlist', ''),
(180, 'MGT001', 160148, 'Registered', ''),
(225, 'SAL003', 160148, 'Registered', 'OnGoing'),
(359, 'tch013', 160148, 'Registered', ''),
(100, 'COR002', 160155, 'Registered', 'OnGoing'),
(181, 'MGT002', 160155, 'Waitlist', ''),
(226, 'SAL004', 160155, 'Rejected', ''),
(360, 'tch014', 160155, 'Registered', 'Completed'),
(104, 'COR002', 160188, 'Rejected', ''),
(184, 'HRD001', 160188, 'Registered', 'Completed'),
(230, 'SAL003', 160188, 'Registered', 'Completed'),
(364, 'COR001', 160188, 'Registered', 'Completed'),
(185, 'MGT001', 160212, 'Registered', 'OnGoing'),
(231, 'SAL003', 160212, 'Registered', 'OnGoing'),
(365, 'COR002', 160212, 'Registered', 'Completed'),
(105, 'COR002', 160213, 'Registered', ''),
(186, 'MGT002', 160213, 'Rejected', ''),
(232, 'SAL004', 160213, 'Rejected', ''),
(366, 'COR006', 160213, 'Registered', 'OnGoing'),
(233, 'SAL004', 160218, 'Waitlist', ''),
(367, 'FIN001', 160218, 'Rejected', ''),
(106, 'COR002', 160225, 'Registered', 'Completed'),
(234, 'SAL003', 160225, 'Waitlist', ''),
(368, 'FIN002', 160225, 'Registered', 'OnGoing'),
(107, 'COR002', 160258, 'Waitlist', ''),
(187, 'MGT007', 160258, 'Registered', ''),
(235, 'SAL003', 160258, 'Registered', 'Completed'),
(369, 'FIN003', 160258, 'Registered', ''),
(108, 'COR002', 160282, 'Waitlist', ''),
(188, 'MGT001', 160282, 'Waitlist', ''),
(236, 'tch002', 160282, 'Registered', 'Completed'),
(370, 'HRD001', 160282, 'Waitlist', '');

-- --------------------------------------------------------
--
-- Table structure for table `skills`
--


DROP TABLE IF EXISTS `skills`;
CREATE TABLE IF NOT EXISTS `skills` (
    `Skill_ID` int(5) NOT NULL AUTO_INCREMENT,
    `Skill_Name` varchar(50) NOT NULL,
    `Type_of_Skills` varchar(50) NOT NULL,
    `Level_of_Competencies` enum('Beginner','Intermediate','Advanced'),
    `Skill_Status` enum('Active','Inactive') default 'Active',
    `Course_ID` varchar(20),
  PRIMARY KEY (`Skill_ID`,`Course_ID`),
  FOREIGN KEY (`Course_ID`) REFERENCES course(`Course_ID`)
) ENGINE=MyISAM AUTO_INCREMENT=5 DEFAULT CHARSET=latin1;

--
-- Dumping data for table `skills`
--

INSERT INTO `skills` (`Skill_ID`, `Skill_Name`, `Type_of_Skills`, `Level_of_Competencies`, `Skill_Status`,`Course_ID`) VALUES
(00001, 'Business Analytics','Technical','Beginner','Active','FIN001'),
(00001, 'Business Analytics','Technical','Beginner','Active','tch006'),
(00002, 'Technology Solutioning and Management','Technical','Advanced','Active','tch008'),
(00002, 'Technology Solutioning and Management','Technical','Advanced','Active','tch009'),
(00003, 'Design and Development','Technical','Intermediate','Active','COR001'),
(00003, 'Design and Development','Technical','Intermediate','Active','tch012'),
(00004, 'Communication','General','Beginner','Active','MGT002'),
(00004, 'Communication','General','Beginner','Active','MGT001'),
(00005, 'Leadership','General','Beginner','Active','MGT004'),
(00005, 'Leadership','General','Beginner','Active','MGT003'),
(00005, 'Leadership','General','Beginner','Active','MGT007'),
(00005, 'Leadership','General','Beginner','Active','HRD001'),
(00006, 'Finance','Technical','Beginner','Active','FIN003'),
(00007, 'Risk Management','Technical','Beginner','Active','FIN002'),
(00007, 'Risk Management','Technical','Beginner','Active','SAL001')

;


-- --------------------------------------------------------
--
-- Table structure for table `ljroles`
--



DROP TABLE IF EXISTS `ljroles`;
CREATE TABLE IF NOT EXISTS `ljroles` (
    `LJRole_ID` int(5) NOT NULL AUTO_INCREMENT,
    `LJRole_Name` varchar(50) NOT NULL,
    `LJRole_Description` varchar(225),
    `Department` enum('CEO','Chairman','Finance','HR','Ops','Sales'),
    `Key_Task` varchar(225),
    `LJRole_Status` enum('Active','Inactive') default 'Active',
    `Skill_ID` int(5) NOT NULL,
  PRIMARY KEY (`ljrole_id`,`Skill_ID`),
  FOREIGN KEY (`Skill_ID`) REFERENCES skills(`Skill_ID`)
) ENGINE=MyISAM AUTO_INCREMENT=5 DEFAULT CHARSET=latin1;

--
-- Dumping data for table `ljroles`
--

INSERT INTO `ljroles` (`LJRole_ID`, `LJRole_Name`, `LJRole_Description`, `Department`, `Key_Task`,`LJRole_Status`,`Skill_ID`) VALUES
(00001, 'Regional Data Analyst', 'The Data Analyst partners with Regional Operations teams to provide analytical support to help the team achieve objectives. The Data Analyst masters both the data and business domains to play a key role in decision-making.','Ops','1) Sourcing and analysing new data sources. 2) Provide actionable recommendations based on data insights to drive business outcomes. 3) Create reports and visualisation tools (dashboards) to facilitate understanding of data.','Active',00001),
(00002, 'Business Intelligence Analyst','The Business Intelligence Analyst will gather, analyze, and compile data needed to identify trends and patterns, then make recommendations for business actions.','Ops','1) Assesses market strategies by analysing related products, markets, or trends. 2) Identifies markets for future product development and methods to improve sales of existing products by analysing technology trends.','Inactive',00001),
(00002, 'Business Intelligence Analyst','The Business Intelligence Analyst will gather, analyze, and compile data needed to identify trends and patterns, then make recommendations for business actions.','Ops','1) Assesses market strategies by analysing related products, markets, or trends. 2) Identifies markets for future product development and methods to improve sales of existing products by analysing technology trends.','Inactive',00002),
(00003, 'Operation Manager','An Operations Manager oversees company organisational processes and adds improvements. Duties include hiring, training, implementing policies, strategies to improve productivity and building an enjoyable company culture.','Ops','1) Make important policy, planning, and strategy decisions. 2) Develop, implement, and review operational policies and procedures. 3)Work with the board of directors to plan for short and long-term goals.','Active',00004),
(00003, 'Operation Manager','An Operations Manager oversees company organisational processes and adds improvements. Duties include hiring, training, implementing policies, strategies to improve productivity and building an enjoyable company culture.','Ops','1) Make important policy, planning, and strategy decisions. 2) Develop, implement, and review operational policies and procedures. 3)Work with the board of directors to plan for short and long-term goals.','Active',00005),
(00003, 'Operation Manager','An Operations Manager oversees company organisational processes and adds improvements. Duties include hiring, training, implementing policies, strategies to improve productivity and building an enjoyable company culture.','Ops','1) Make important policy, planning, and strategy decisions. 2) Develop, implement, and review operational policies and procedures. 3)Work with the board of directors to plan for short and long-term goals.','Active',00001),
(00004, 'Finance Officer','Finance Officer involves providing financial and administrative support to colleagues, clients and stakeholders of the business. It’s a role that may attract applicants keen to move up the financial corporate ladder.','Finance','1) Assist in the preparation of budgets. 2) Manage records and receipts. 3) Reconcile daily, monthly and yearly transactions. 4) Prepare balance sheets. 5) Point of contact for other dept on financial and accounting issues.','Active',00006),
(00004, 'Finance Officer','Finance Officer involves providing financial and administrative support to colleagues, clients and stakeholders of the business. It’s a role that may attract applicants keen to move up the financial corporate ladder.','Finance','1) Assist in the preparation of budgets. 2) Manage records and receipts. 3) Reconcile daily, monthly and yearly transactions. 4) Prepare balance sheets. 5) Point of contact for other dept on financial and accounting issues.','Active',00007),
(00005, 'Sales Executive','Responsible for helping build up a business by identifying new business prospects and selling products to them. They must maintain relationships with current clients and build and maintain relationships with new clients.','Sales','1) Research and recommend prospects for new business opportunities. 2)Research and analyse sales options. 3)Build and maintain relationships with clients and prospects. 4) Build and maintain professional networks.','Active',00007),
(00005, 'Sales Executive','Responsible for helping build up a business by identifying new business prospects and selling products to them. They must maintain relationships with current clients and build and maintain relationships with new clients.','Sales','1) Research and recommend prospects for new business opportunities. 2)Research and analyse sales options. 3)Build and maintain relationships with clients and prospects. 4) Build and maintain professional networks.','Active',00004),
(00006, 'CEO','Responsible for developing and assessing the company business strategy and determining its profitability. He also has a significant role in evaluating the performance of the department or division to which he reports, ensuring that it is under the company vision and purpose.','CEO','1) Manage overall operations. 2) delegate and direct agendas. 3) Drive profitability. 4) Manage company orginizational structure and strategy.','Active',00001),
(00006, 'CEO','Responsible for developing and assessing the company business strategy and determining its profitability. He also has a significant role in evaluating the performance of the department or division to which he reports, ensuring that it is under the company vision and purpose.','CEO','1) Manage overall operations. 2) delegate and direct agendas. 3) Drive profitability. 4) Manage company orginizational structure and strategy.','Active',00004),
(00006, 'CEO','Responsible for developing and assessing the company business strategy and determining its profitability. He also has a significant role in evaluating the performance of the department or division to which he reports, ensuring that it is under the company vision and purpose.','CEO','1) Manage overall operations. 2) delegate and direct agendas. 3) Drive profitability. 4) Manage company orginizational structure and strategy.','Active',00005),
(00006, 'CEO','Responsible for developing and assessing the company business strategy and determining its profitability. He also has a significant role in evaluating the performance of the department or division to which he reports, ensuring that it is under the company vision and purpose.','CEO','1) Manage overall operations. 2) delegate and direct agendas. 3) Drive profitability. 4) Manage company orginizational structure and strategy.','Active',00006),
(00006, 'CEO','Responsible for developing and assessing the company business strategy and determining its profitability. He also has a significant role in evaluating the performance of the department or division to which he reports, ensuring that it is under the company vision and purpose.','CEO','1) Manage overall operations. 2) delegate and direct agendas. 3) Drive profitability. 4) Manage company orginizational structure and strategy.','Active',00007);


-- --------------------------------------------------------
--
-- Table structure for table `learning_journey`
--


DROP TABLE IF EXISTS `learning_journey`;
CREATE TABLE IF NOT EXISTS `learning_journey` (
    `LJ_ID` int(5) NOT NULL AUTO_INCREMENT,
    `Staff_ID` int NOT NULL,
    `SubmittedLJRole_ID` int NOT NULL,
    `Submitted_Skill_ID`int(5) NOT NULL,
    `Submitted_CourseID` varchar(20) NOT NULL,
    PRIMARY KEY (`LJ_ID`,`SubmittedLJRole_ID`,`Submitted_Skill_ID`,`Submitted_CourseID`),
    FOREIGN KEY (`Staff_ID`) REFERENCES staff(`Staff_ID`),
    FOREIGN KEY (`Submitted_CourseID`) REFERENCES course(`Course_ID`),
    FOREIGN KEY (`SubmittedLJRole_ID`) REFERENCES ljroles(`LJRole_ID`),
    FOREIGN KEY (`Submitted_Skill_ID`) REFERENCES skills(`Skill_ID`)
) ENGINE=MyISAM AUTO_INCREMENT=10 DEFAULT CHARSET=latin1;

--
-- Dumping data for table `learning_journey`
--
INSERT INTO  `learning_journey` (`LJ_ID`, `Staff_ID`,  `SubmittedLJRole_ID`,`Submitted_Skill_ID`,`Submitted_CourseID`) VALUES 
(00001,150232,00003,00001,'FIN001'),
(00001,150232,00003,00001,'tch006'),
(00001,150232,00003,00005,'MGT004'),
(00001,150232,00003,00005,'HRD001'),
(00002,160282,00006,00005,'HRD001'),
(00002,160282,00006,00004,'MGT001'),
(00003,150208,00001,00001,'FIN001'),
(00004,150208,00004,00007,'FIN002'),
(00005,150208,00006,00001,'FIN001'),
(00005,150208,00006,00004,'MGT002'),
(00005,150208,00006,00004,'MGT001'),
(00006,150356,00005,00004,'MGT002'),
(00007,150356,00003,00004,'MGT002'),
(00007,150356,00003,00004,'MGT001'),
(00007,150356,00003,00005,'MGT004')
;

COMMIT;